"CdId","smiles","MolWeight","Formula","moleculename","E1","E2","E3","E4","h1","h2","h3","h4","l1","l2","l3","l4","reorg","IP_vert","IP_adia","ringcount","fusedringcount","rotatablebondcount","vdwsa","atomcountS","avgpol","axx","ayy","azz"
"1","c1ccsc1","84.14","C4H4S","thiophene","-553.0092","-552.68896","-553.00183","-552.6964","-0.2332851","-0.4826722","-0.2195941","-0.4889547","-0.0084375","-0.2677173","-0.0181996","-0.277327","0.014797472","0.32023546","0.3128081","1","0","0","115","1","8","10","10","5"
"2","c1ccc2ccccc2c1","128.17","C10H8","naph","-385.90536","-385.62238","-385.90198","-385.6258","-0.2132425","-0.4201274","-0.2067133","-0.4136476","-0.0359905","-0.2372536","-0.0431282","-0.2449241","0.0067917006","0.28298494","0.27957752","2","2","0","198","0","14","19","16","7"
"3","c1cc2sccc2s1","140.22","C6H4S2","ttf","-1027.4088","-1027.1196","-1027.4014","-1027.1272","-0.2154978","-0.423404","-0.2009905","-0.4168067","-0.027207","-0.2400313","-0.0336788","-0.2464961","0.015024364","0.2891871","0.28163093","2","2","0","157","2","13","18","15","8"
"4","c1ccc(cc1)-c1ccccc1","154.21","C12H10","diphenyl","-463.322","-463.03543","-463.31577","-463.04233","-0.2225397","-0.4121465","-0.2096776","-0.3993251","-0.0255569","-0.2095989","-0.0391046","-0.2235885","0.013146942","0.28657183","0.27965987","2","0","1","243","0","17","24","16","11"
"5","c1csc(c1)-c1cccs1","166.26","C8H6S2","ttl","-1104.8267","-1104.5566","-1104.8198","-1104.5652","-0.2037354","-0.4017726","-0.1886528","-0.3864719","-0.0441964","-0.2339795","-0.0529481","-0.2429726","0.015453289","0.27009168","0.2614741","2","0","1","202","2","17","23","18","9"
"6","c1ccc2c(c1)ccc1ccccc21","178.23","C14H10","phenanth3","-539.55457","-539.2817","-539.55054","-539.2857","-0.211081","-0.3870036","-0.2033752","-0.3833056","-0.0371626","-0.2149786","-0.0443289","-0.2221502","0.008026274","0.27288628","0.26887876","3","3","0","260","0","20","22","28","10"
"7","c1ccc2cc3ccccc3cc2c1","178.23","C14H10","B.APL_84_2004_5383_1a","-539.54626","-539.2933","-539.54376","-539.29584","-0.1925166","-0.3704303","-0.1875958","-0.3659668","-0.0605797","-0.2350856","-0.0654003","-0.2405692","0.0050643133","0.2530203","0.25047103","3","3","0","261","0","20","29","21","10"
"8","c1cc2c(ccc3ccsc23)s1","190.28","C10H6S2","B.JMCC_1_2013_1297_1c","-1181.0686","-1180.7925","-1181.0641","-1180.7965","-0.2124292","-0.3861746","-0.2038065","-0.3881287","-0.0299373","-0.2112997","-0.034948","-0.2184484","0.008445852","0.27607483","0.27207163","3","3","0","220","2","19","21","26","10"
"9","c1cc2c3ccsc3ccc2s1","190.28","C10H6S2","B.JMCC_1_2013_1297_1b","-1181.0686","-1180.7964","-1181.0632","-1180.8016","-0.2084846","-0.3901115","-0.1981383","-0.3793679","-0.0374196","-0.2175293","-0.0429124","-0.2227068","0.0105983475","0.2722439","0.26699942","3","3","0","220","2","19","26","21","10"
"10","c1cc2cc3ccsc3cc2s1","190.28","C10H6S2","B.CAEJ_12_2006_2073_2","-1181.0662","-1180.8014","-1181.0642","-1180.8033","-0.202094","-0.3840296","-0.1982197","-0.3806151","-0.0329665","-0.2107115","-0.035996","-0.2148172","0.003950523","0.26474196","0.26281098","3","3","0","220","2","19","20","28","10"
"11","c1cc2cc3sccc3cc2s1","190.28","C10H6S2","BDT","-1181.0667","-1180.8025","-1181.0634","-1180.8053","-0.2013324","-0.3818334","-0.195196","-0.3751442","-0.0403559","-0.2161506","-0.0437087","-0.2210861","0.006076433","0.26406676","0.26128876","3","3","0","220","2","19","28","20","10"
"12","c1cc2c3cscc3sc2s1","196.30","C8H4S3","B.CR_115_2015_3036_495","-1501.8021","-1501.5353","-1501.7986","-1501.5387","-0.202405","-0.3966045","-0.1955558","-0.3894713","-0.0316682","-0.2160301","-0.0354285","-0.2203596","0.0071045356","0.26694384","0.26346126","3","3","0","200","3","19","26","20","10"
"13","c1cc2sc3ccsc3c2s1","196.30","C8H4S3","tttf","-1501.8086","-1501.5375","-1501.8021","-1501.5441","-0.2062547","-0.3935328","-0.1937225","-0.3908678","-0.0403948","-0.2277661","-0.0461515","-0.2335077","0.012947777","0.27104822","0.2645348","3","3","0","199","3","19","21","26","10"
"14","c1cc2sc3cscc3c2s1","196.30","C8H4S3","B.CR_115_2015_3036_496","-1501.805","-1501.537","-1501.801","-1501.5408","-0.2033831","-0.3974963","-0.1959932","-0.3897938","-0.0438252","-0.2281446","-0.0472931","-0.2331466","0.0076882127","0.26800644","0.26431715","3","3","0","200","3","19","21","26","10"
"15","c1scc2c1sc1cscc21","196.30","C8H4S3","B.CR_115_2015_3036_492","-1501.8041","-1501.5303","-1501.8007","-1501.5337","-0.2079081","-0.389236","-0.2013958","-0.3936298","-0.0409398","-0.2092048","-0.0405786","-0.2096941","0.0068785576","0.27383828","0.27040675","3","3","0","200","3","19","20","27","10"
"16","c1c2ccccc2c2cc3ccccc3c12","202.26","C16H10","B.ACIE_49_2010_7728_1a","-615.72217","-615.46466","-615.717","-615.4698","-0.1991971","-0.3690045","-0.1890322","-0.3589315","-0.0840434","-0.2461498","-0.0916826","-0.2538096","0.010256305","0.25746563","0.25237328","4","4","0","258","0","23","24","36","11"
"17","c1ccc2c(c1)ccc1c3ccccc3ccc21","228.29","C18H12","chrysene","-693.20105","-692.9425","-693.198","-692.9455","-0.2030577","-0.3634381","-0.1970984","-0.3578201","-0.0470782","-0.2059877","-0.0527752","-0.212132","0.0060735536","0.25854552","0.25556448","4","4","0","322","0","26","28","38","12"
"18","c1ccc2cc3cc4ccccc4cc3cc2c1","228.29","C18H12","B.JAP_96_2004_2080_2a","-693.18475","-692.95184","-693.18274","-692.9539","-0.1788888","-0.3375141","-0.1748816","-0.3341483","-0.0768463","-0.2331299","-0.0803445","-0.2373738","0.004087266","0.2329066","0.23084122","4","4","0","323","0","26","27","40","12"
"19","c1cc2cc3cc4ccccc4cc3cc2s1","234.32","C16H10S","B.JACS_128_2006_16002_2","-1013.9475","-1013.7095","-1013.9455","-1013.7115","-0.1832249","-0.3430005","-0.1792513","-0.3396999","-0.0680918","-0.2256703","-0.0711594","-0.2296419","0.0040288665","0.23801503","0.23601636","4","4","0","303","1","26","26","40","12"
"20","c1cc2c(ccc3c4ccsc4ccc23)s1","240.34","C14H8S2","iso-NDT","-1334.7172","-1334.4558","-1334.7126","-1334.4602","-0.2042299","-0.364782","-0.1955048","-0.3574263","-0.0463785","-0.2080783","-0.051904","-0.2129257","0.008941375","0.26136613","0.2569612","4","4","0","283","2","25","37","27","13"
"21","c1cc2c(s1)c1sccc1c1ccccc21","240.34","C14H8S2","B.CR_115_2015_3036_405","-1334.7163","-1334.4562","-1334.7118","-1334.4604","-0.202612","-0.3732287","-0.1939445","-0.3649116","-0.0462333","-0.2117348","-0.0515419","-0.2175892","0.008740537","0.26008233","0.255783","4","4","0","283","2","25","32","31","12"
"22","c1cc2cc3cc4ccsc4cc3cc2s1","240.34","C14H8S2","cis-NDT","-1334.7094","-1334.4662","-1334.7075","-1334.468","-0.187596","-0.3486221","-0.1839599","-0.3457554","-0.0572087","-0.2165908","-0.0596573","-0.2200186","0.003660424","0.24313937","0.24132971","4","4","0","283","2","26","39","26","13"
"23","c1cc2cc3cc4sccc4cc3cc2s1","240.34","C14H8S2","NDT","-1334.7095","-1334.4664","-1334.7074","-1334.4684","-0.1874503","-0.3480637","-0.1835828","-0.3445855","-0.0587002","-0.2173156","-0.0611523","-0.2206631","0.0038753655","0.24300878","0.24110515","4","4","0","283","2","26","39","26","13"
"24","c1cc2ccc3c4sccc4ccc3c2s1","240.34","C14H8S2","B.JOC_75_2010_1228","-1334.7179","-1334.4517","-1334.7129","-1334.457","-0.2084926","-0.3646513","-0.1987796","-0.3636139","-0.0432358","-0.2017507","-0.0473715","-0.2085067","0.010285821","0.26617572","0.26089546","4","4","0","282","2","25","27","36","12"
"25","c1ccc2c(c1)sc1c3ccccc3sc21","240.34","C14H8S2","BTBT","-1334.7206","-1334.4579","-1334.7164","-1334.4619","-0.2053371","-0.3728221","-0.1972042","-0.3657642","-0.0469139","-0.2099647","-0.0507874","-0.2149066","0.008285815","0.2627637","0.2586826","4","4","0","283","2","25","27","37","13"
"26","c1sc2C=CC=Cc3scc4sc1c2c34","246.36","C12H6S3","B.CR_115_2015_3036_627","-1655.4064","-1655.1628","-1655.3993","-1655.1697","-0.1845849","-0.3601933","-0.1710802","-0.3459448","-0.0921992","-0.2587381","-0.1002069","-0.2657368","0.013901998","0.2434793","0.23665895","4","4","0","192","3","25","30","32","13"
"27","c1csc(c1)-c1ccc(s1)-c1cccs1","248.38","C12H8S3","tttl","-1656.6451","-1656.3987","-1656.6389","-1656.4062","-0.1909977","-0.3532311","-0.1777848","-0.3397145","-0.0607438","-0.217728","-0.0683119","-0.2249972","0.013709459","0.24638239","0.23880349","3","0","2","289","3","26","13","26","39"
"28","c1cc2cccc3c4cccc5cccc(c(c1)c23)c45","252.32","C20H12","perylene","-769.42487","-769.1885","-769.4222","-769.19116","-0.1824553","-0.3384071","-0.1773269","-0.3334746","-0.0701704","-0.2232438","-0.0750691","-0.2285086","0.005320102","0.2363647","0.23369056","5","5","0","340","0","28","34","38","13"
"29","c1cc2c(s1)sc1sc3sccc3c21","252.38","C10H4S4","B.CR_115_2015_3036_761","-1976.199","-1975.9292","-1976.1935","-1975.9347","-0.2101032","-0.3714082","-0.1990979","-0.3734334","-0.0250243","-0.1990865","-0.0276039","-0.2058228","0.011049595","0.26982766","0.2643523","4","4","0","243","4","25","34","27","13"
"30","c1cc2sc3c4sccc4sc3c2s1","252.38","C10H4S4","ttttf","-1976.2085","-1975.9506","-1976.2025","-1975.9565","-0.1994436","-0.3738004","-0.187801","-0.3636159","-0.0494969","-0.2172613","-0.054703","-0.2225074","0.011995223","0.2579104","0.25189844","4","4","0","241","4","25","26","36","13"
"31","c1c(sc2c1sc1ccccc21)-c1ccccc1","266.38","C16H10S2","B.CR_115_2015_3036_206","-1412.1311","-1411.8756","-1412.1259","-1411.8815","-0.2018389","-0.3615475","-0.1915068","-0.3508712","-0.0525488","-0.2072323","-0.0617536","-0.2161286","0.01098091","0.2554722","0.2496447","4","3","1","327","2","29","43","27","17"
"32","c1sc2ccccc2c1-c1csc2ccccc12","266.38","C16H10S2","B.CR_115_2015_3036_655","-1412.1317","-1411.8716","-1412.1263","-1411.8773","-0.2052789","-0.3615787","-0.1937645","-0.3536479","-0.0344545","-0.1902529","-0.0380203","-0.198783","0.0111100385","0.26011604","0.25438884","4","4","1","327","2","28","29","37","20"
"33","c1sc2scc3c4csc5scc(c1c23)c45","276.40","C12H4S4","B.CR_115_2015_3036_459","-2052.4146","-2052.158","-2052.4111","-2052.1614","-0.1997367","-0.358777","-0.1929972","-0.3522975","-0.0440128","-0.2016795","-0.0473996","-0.2056452","0.006740489","0.25645664","0.25311226","5","5","0","260","4","27","32","36","14"
"34","CC=Cc1cc2c3cc(C=CC)sc3sc2s1","276.43","C14H12S3","B.CR_115_2015_3036_651","-1735.2595","-1735.009","-1735.2555","-1735.013","-0.1973852","-0.3419644","-0.1909214","-0.3395323","-0.0385896","-0.1822068","-0.0428814","-0.1866227","0.007896714","0.2505248","0.24662605","3","3","2","328","3","31","47","30","16"
"35","c1ccc2c(c1)ccc1c2ccc2c3ccccc3ccc12","278.35","C22H14","B.JACS_130_2008_10470","-846.84845","-846.5949","-846.84503","-846.59827","-0.2021969","-0.347938","-0.1955901","-0.341628","-0.0472471","-0.1928415","-0.053677","-0.1994621","0.006795587","0.25352415","0.25016993","5","5","0","385","0","32","34","49","15"
"36","c1ccc2c(c1)ccc1cc3c(ccc4ccccc34)cc21","278.35","C22H14","B.QM","-846.8488","-846.59973","-846.8457","-846.6028","-0.1980055","-0.3448193","-0.1920372","-0.3391687","-0.0548632","-0.2021496","-0.0594613","-0.2064619","0.006166671","0.24909689","0.24605803","5","5","0","385","0","32","34","48","15"
"37","c1ccc2cc3c(ccc4cc5ccccc5cc34)cc2c1","278.35","C22H14","B.CEJ_12_2006_2073_9","-846.84265","-846.5965","-846.83936","-846.5998","-0.1958876","-0.3363536","-0.1895591","-0.3349474","-0.0567276","-0.2005084","-0.0620484","-0.2063251","0.0065424237","0.24611789","0.24287385","5","5","0","385","0","32","35","48","15"
"38","c1ccc2cc3cc4cc5ccccc5cc4cc3cc2c1","278.35","C22H14","B.MRSSP_2003_L6.5.1_3a","-846.822","-846.6035","-846.8204","-846.6053","-0.1693889","-0.3138362","-0.1660212","-0.3111691","-0.0881793","-0.230986","-0.0908367","-0.2344064","0.0034145757","0.21851324","0.21678485","5","5","0","386","0","33","32","52","15"
"39","c1cc2sc(cc2s1)-c1cc2sccc2s1","278.42","C12H6S4","B.CR_115_2015_3036_99","-2053.6272","-2053.3784","-2053.621","-2053.386","-0.1944704","-0.3549224","-0.1813788","-0.3418739","-0.059602","-0.2141942","-0.0665732","-0.2212422","0.01342541","0.24857755","0.24121168","4","4","1","287","4","28","18","25","43"
"40","c1cc2scc(-c3csc4ccsc34)c2s1","278.42","C12H6S4","B.CR_115_2015_3036_126","-2053.6248","-2053.3623","-2053.62","-2053.367","-0.2063098","-0.3667735","-0.1969133","-0.3594877","-0.0397193","-0.2023184","-0.0412941","-0.2064228","0.009408928","0.2624801","0.25781775","4","4","1","287","4","28","28","35","19"
"41","c1csc(c1)-c1cc2sc3ccsc3c2s1","278.42","C12H6S4","B.CR_115_2015_3036_100","-2053.627","-2053.379","-2053.621","-2053.3862","-0.1937738","-0.3551525","-0.180963","-0.3420078","-0.0587631","-0.2137019","-0.0658223","-0.2206842","0.0131893065","0.24814782","0.24082962","4","3","1","286","4","28","28","42","14"
"42","c1cc2cc3cc4cc5ccccc5cc4cc3cc2s1","284.38","C20H12S","B.JACS_128_2006_16002_1","-1167.5857","-1167.3629","-1167.5839","-1167.3646","-0.1729915","-0.3183475","-0.1695026","-0.315677","-0.0817959","-0.2259542","-0.0842278","-0.2292575","0.0035175835","0.22274847","0.22098938","5","5","0","365","1","33","51","32","15"
"43","c1ccc2cc3c(cc2c1)sc1cc2ccccc2cc31","284.38","C20H12S","B.CEJ_12_2006_2073_12","-1167.6112","-1167.3605","-1167.6091","-1167.3625","-0.1992474","-0.3413203","-0.1951436","-0.3425169","-0.0608372","-0.1954946","-0.0607162","-0.1956956","0.004342399","0.25081912","0.24864429","5","5","0","366","1","32","48","33","15"
"44","c1cc2c(ccc3cc4c5ccsc5ccc4cc23)s1","290.40","C18H10S2","B.JMCC_1_2013_1297_2b","-1488.3612","-1488.1174","-1488.3584","-1488.1202","-0.1920776","-0.3435165","-0.1865709","-0.3376423","-0.06165","-0.211191","-0.0653497","-0.2145036","0.0056901854","0.24381009","0.24099515","5","5","0","345","2","32","47","33","15"
"45","c1cc2cc3c(ccc4cc5sccc5cc34)cc2s1","290.40","C18H10S2","B.CEJ_12_2006_2073_11","-1488.3608","-1488.1127","-1488.3572","-1488.1163","-0.1967353","-0.341362","-0.1895405","-0.3342731","-0.0528752","-0.1975313","-0.0577602","-0.2022383","0.0073595718","0.24815379","0.24455385","5","5","0","345","2","32","33","47","15"
"46","c1cc2cc3cc4cc5ccsc5cc4cc3cc2s1","290.40","C18H10S2","tbbbtf1","-1488.3489","-1488.1217","-1488.347","-1488.1234","-0.1767594","-0.3230714","-0.1732949","-0.3205414","-0.073998","-0.2197706","-0.0761136","-0.2228062","0.0034629076","0.22711155","0.22537138","5","5","0","345","2","32","50","31","15"
"47","c1cc2cc3cc4cc5sccc5cc4cc3cc2s1","290.40","C18H10S2","B.JACS_120_1998_664_9a","-1488.3488","-1488.1217","-1488.347","-1488.1234","-0.176722","-0.3228502","-0.173217","-0.3201715","-0.0743887","-0.2198895","-0.0764863","-0.2228797","0.0034979805","0.22708642","0.22534293","5","5","0","345","2","32","31","50","15"
"48","c1cc2cc3ccc4cc5ccsc5cc4c3cc2s1","290.40","C18H10S2","B.CEJ_12_2006_2073_10","-1488.361","-1488.1094","-1488.3575","-1488.1127","-0.1996902","-0.3395201","-0.1929291","-0.34175","-0.0506676","-0.1905289","-0.0487342","-0.1964934","0.006684834","0.25151274","0.24824722","5","5","0","345","2","32","34","46","15"
"49","c1cc2ccc3cc4c5sccc5ccc4cc3c2s1","290.40","C18H10S2","B.JMCC_1_2013_1297_2a","-1488.3616","-1488.116","-1488.3591","-1488.1185","-0.1936085","-0.3481447","-0.1888236","-0.3437019","-0.063222","-0.2149784","-0.0663948","-0.2183666","0.0049235914","0.24562988","0.24314976","5","5","0","345","2","32","46","33","15"
"50","c1ccc2c(c1)sc1c3cc4ccccc4cc3sc21","290.40","C18H10S2","B.JACS_135_2013_13900_btnt","-1488.3658","-1488.1185","-1488.363","-1488.1212","-0.1953337","-0.3461447","-0.1898895","-0.3412145","-0.0597869","-0.2073746","-0.062927","-0.2109724","0.005640554","0.24736106","0.24459967","5","5","0","345","2","32","49","32","15"
"51","c1ccc2c(c1)sc1cc3c(cc21)sc1ccccc31","290.40","C18H10S2","B.OL_9_2007_4499","-1488.3799","-1488.1217","-1488.3776","-1488.1238","-0.2050509","-0.3508359","-0.2004764","-0.3532416","-0.0531659","-0.1921128","-0.0513176","-0.1908242","0.004315562","0.2581409","0.25613928","5","5","0","346","2","32","48","32","15"
"52","c1ccc2c(c1)sc1cc3sc4ccccc4c3cc21","290.40","C18H10S2","B.CTC_1078_2016_16_synt2","-1488.3798","-1488.1206","-1488.3782","-1488.1222","-0.206922","-0.3514413","-0.2038411","-0.3517512","-0.043066","-0.1877238","-0.0441921","-0.189617","0.003187823","0.25921535","0.25763437","5","5","0","345","2","32","46","34","15"
"53","c1sc2scc(-c3ccccc3)c2c1-c1ccccc1","292.41","C18H12S2","B.CR_115_2015_3036_450","-1489.5283","-1489.2617","-1489.5237","-1489.2668","-0.2114222","-0.3661747","-0.2028346","-0.3558856","-0.0236478","-0.1773754","-0.0301965","-0.179379","0.009786801","0.26664922","0.26152587","4","2","2","371","2","31","40","30","22"
"54","c1cc2cc3c(cc2s1)sc1cc2sccc2cc31","296.42","C16H8S3","B.JMC_16_2006_1121_10f","-1809.1266","-1808.8732","-1809.1238","-1808.8759","-0.2008333","-0.3489157","-0.1955517","-0.3434083","-0.0421075","-0.182667","-0.0414078","-0.1822744","0.00547235","0.25336877","0.25066134","5","5","0","325","3","32","47","32","15"
"55","c1cc2cc3sc4cc5ccsc5cc4c3cc2s1","296.42","C16H8S3","B.JMC_16_2006_1121_10e","-1809.1272","-1808.8707","-1809.125","-1808.8729","-0.203256","-0.3423712","-0.1989023","-0.3444542","-0.0547903","-0.1924118","-0.0530273","-0.1912742","0.00433463","0.2563739","0.25423482","5","5","0","325","3","31","33","47","15"
"56","c1c2c(cc3c2ccc2ccccc32)c2ccc3ccccc3c12","302.38","C24H14","B.ACIE_49_2010_7728_2a","-923.0119","-922.7801","-923.008","-922.78375","-0.1832304","-0.325929","-0.17568","-0.3196789","-0.0945437","-0.2340629","-0.1009327","-0.2406538","0.0076425746","0.231866","0.22816706","6","6","0","340","0","36","57","36","16"
"57","c1c2cc3ccccc3cc2c2cc3cc4ccccc4cc3c12","302.38","C24H14","B.ACIE_49_2010_7728_3a","-923.0235","-922.7839","-923.02136","-922.78595","-0.1926371","-0.3286105","-0.1885241","-0.3248469","-0.0802259","-0.2147328","-0.0837843","-0.2189466","0.0042390423","0.23962654","0.23755354","6","6","0","383","0","37","60","35","16"
"58","c1cc2sc(cc2s1)C#Cc1cc2sccc2s1","302.44","C14H6S4","B.CR_115_2015_3036_119","-2129.7842","-2129.5413","-2129.7788","-2129.5466","-0.1927377","-0.34024","-0.1823329","-0.3296763","-0.0683064","-0.2102894","-0.0728113","-0.2144501","0.0107608875","0.2428564","0.23748922","4","4","2","306","4","32","49","30","16"
"59","c1cc2sc3cc4c(cc3c2s1)sc1ccsc41","302.44","C14H6S4","B.CR_115_2015_3036_212","-2129.87","-2129.618","-2129.8655","-2129.622","-0.1991244","-0.3532229","-0.190846","-0.3452104","-0.0555406","-0.2050428","-0.0591953","-0.2091395","0.008482163","0.25210163","0.24802689","5","5","0","304","4","31","32","46","15"
"60","C1c2ccccc2-c2cc(ccc12)-c1cc2ccsc2s1","304.43","C19H12S2","B.CR_115_2015_3036_472","-1527.6516","-1527.3977","-1527.6461","-1527.404","-0.2027635","-0.3508242","-0.1906187","-0.3426839","-0.0362526","-0.1857787","-0.0456817","-0.1986732","0.01174232","0.25381908","0.24751785","5","5","1","380","2","34","50","32","21"
"61","c1csc(c1)-c1ccc(s1)-c1cc2sccc2s1","304.46","C14H8S4","B.CR_115_2015_3036_98","-2131.0457","-2130.8054","-2131.0396","-2130.813","-0.1891276","-0.33821","-0.1762296","-0.3253485","-0.0652052","-0.2098201","-0.0729415","-0.2174276","0.013316206","0.24005081","0.23267333","4","2","2","331","4","32","16","31","49"
"62","c1ccc(cc1)-c1ccc(cc1)-c1ccc(cc1)-c1ccccc1","306.41","C24H18","B.APL_71_1997_3853_22a","-925.4501","-925.1966","-925.4445","-925.2024","-0.206525","-0.3394833","-0.1954151","-0.3290141","-0.0444601","-0.1772179","-0.0559918","-0.1890114","0.01134125","0.2535057","0.24771424","4","0","3","458","0","37","57","24","29"
"63","c1cc2sc3c4sc5ccsc5c4sc3c2s1","308.46","C12H4S5","B.JACS_127_2005_13281_11b","-2450.6084","-2450.3599","-2450.6028","-2450.3655","-0.1947827","-0.3552771","-0.1838496","-0.3443479","-0.0564063","-0.2093221","-0.0613566","-0.2143815","0.011266287","0.24841172","0.24278556","5","5","0","284","5","31","46","31","15"
"64","c1cc(sc1-c1ccc(s1)-c1ccccc1)-c1ccccc1","318.45","C20H14S2","B.AFM_13_2003_767_31c","-1566.9592","-1566.7224","-1566.9537","-1566.7285","-0.1880927","-0.3310505","-0.177365","-0.319097","-0.0626138","-0.2025289","-0.0721494","-0.2103177","0.011681651","0.23688251","0.23076345","4","0","3","418","2","36","55","29","24"
"65","c1c(sc2ccccc12)-c1cc2sc3ccccc3c2s1","322.46","C18H10S3","B.CR_115_2015_3036_207","-1886.538","-1886.2909","-1886.5333","-1886.296","-0.1979122","-0.3436562","-0.1884095","-0.3347647","-0.0657304","-0.2082635","-0.0717964","-0.2145274","0.0097824475","0.2471123","0.24199204","5","5","1","370","3","35","54","31","21"
"66","c1csc(c1)-c1ccc(s1)-c1ccc(s1)-c1ccccc1","324.47","C18H12S3","B.LC_42_2015_909","-1887.7117","-1887.4767","-1887.7059","-1887.4835","-0.1863065","-0.3278423","-0.1745651","-0.3154617","-0.0658127","-0.2040673","-0.0745759","-0.2117088","0.012468419","0.234922","0.22812116","4","0","3","397","3","36","24","29","55"
"67","c1ccc2c(c1)c1ccccc1c1c3ccccc3c3ccccc3c21","328.41","C26H16","B.CAJ_9_2014_1623","-1000.47614","-1000.2323","-1000.4726","-1000.23584","-0.1952548","-0.3389224","-0.1883025","-0.3320994","-0.0533641","-0.1981642","-0.0582682","-0.2036302","0.0071100607","0.24380997","0.2402634","6","6","0","447","0","38","47","46","20"
"68","c1ccc2c(c1)ccc1c2ccc2c3ccc4ccccc4c3ccc12","328.41","C26H16","B.CP_384_2011_19_fulminene","-1000.49567","-1000.24884","-1000.49286","-1000.25146","-0.1993931","-0.3333404","-0.1939492","-0.3284626","-0.0514432","-0.1856832","-0.0564371","-0.1912613","0.005422141","0.24681711","0.24418399","6","6","0","447","0","39","39","60","17"
"69","c1ccc2cc3cc4cc5cc6ccccc6cc5cc4cc3cc2c1","328.41","C26H16","hex","-1000.45886","-1000.25104","-1000.4574","-1000.25256","-0.1625094","-0.295792","-0.1596319","-0.2936331","-0.0964192","-0.2286296","-0.0984873","-0.2314594","0.0028972547","0.20778614","0.20631519","6","6","0","448","0","39","37","17","64"
"70","c1ccc(cc1)-c1c2ccccc2c(-c2ccccc2)c2ccccc12","330.43","C26H18","B.CM_20_2008_6945","-1001.6597","-1001.4206","-1001.6552","-1001.4255","-0.1872584","-0.3446468","-0.1794623","-0.3303124","-0.0594803","-0.2155127","-0.0653178","-0.2164562","0.009364326","0.23914324","0.23426323","5","3","2","473","0","38","26","38","51"
"71","c1csc(c1)-c1ccc(s1)-c1ccc(s1)-c1cccs1","330.50","C16H10S4","ttttl","-2208.4639","-2208.2312","-2208.4583","-2208.2383","-0.1846362","-0.3243468","-0.1724291","-0.3118375","-0.0691946","-0.2052556","-0.0768321","-0.2121996","0.012783679","0.23281536","0.22579516","4","0","3","377","4","36","19","33","55"
"72","c1cc2cc3cc4cc5cc6ccccc6cc5cc4cc3cc2s1","334.44","C24H14S","B.JACS_135_2013_13900_pt","-1321.2228","-1321.0115","-1321.2212","-1321.0131","-0.1654622","-0.2996028","-0.1623737","-0.2973679","-0.0916128","-0.2251592","-0.0935843","-0.2279797","0.0031050378","0.2112856","0.20971277","6","6","0","428","1","39","37","17","63"
"73","c1cc2cc3cc4cc5cc6sccc6cc5cc4cc3cc2s1","340.46","C22H12S2","B.AM_23_2011_4347_20","-1641.9865","-1641.7716","-1641.9849","-1641.7732","-0.1685648","-0.303532","-0.1653439","-0.3012326","-0.0860268","-0.2210137","-0.0878095","-0.223654","0.0032066929","0.21489818","0.21328442","6","6","0","408","2","39","36","62","18"
"74","c1ccc2c(c1)sc1c3cc4cc5ccccc5cc4cc3sc21","340.46","C22H12S2","B.JACS_135_2013_13900_btat","-1642.0062","-1641.7739","-1642.0042","-1641.7759","-0.1843347","-0.3238509","-0.1803585","-0.3202306","-0.0738359","-0.2126085","-0.0763892","-0.2152243","0.0041716425","0.23239483","0.23034199","6","6","0","408","2","38","60","38","17"
"75","c1ccc2c3c(ccc2c1)sc1c3sc2ccc3ccccc3c12","340.46","C22H12S2","B.BCSJ_83_2010_120_2","-1642.0159","-1641.7714","-1642.0122","-1641.775","-0.1959801","-0.3371285","-0.188958","-0.3308453","-0.0598147","-0.1976857","-0.0645802","-0.2029445","0.0071863993","0.24446328","0.24091692","6","6","0","407","2","38","41","55","17"
"76","c1ccc2c3c(ccc2c1)sc1sc2ccc4ccccc4c2c31","340.46","C22H12S2","B.CR_115_2015_3036_455","-1641.9932","-1641.7473","-1641.9896","-1641.7507","-0.1962015","-0.3387038","-0.1894403","-0.332745","-0.0495168","-0.1855961","-0.0520898","-0.1896829","0.0068719876","0.24586399","0.24245802","6","6","0","406","2","36","44","45","20"
"77","c1ccc2c3sc4c5ccc6ccccc6c5sc4c3ccc2c1","340.46","C22H12S2","B.BCSJ_83_2010_120_3","-1642.0172","-1641.7682","-1642.0137","-1641.7716","-0.2012007","-0.3393255","-0.1943105","-0.3359463","-0.0542557","-0.1913461","-0.0586245","-0.1966696","0.0069563636","0.24897176","0.24554905","6","6","0","408","2","38","59","38","17"
"78","c1ccc2cc3c(cc2c1)sc1c2cc4ccccc4cc2sc31","340.46","C22H12S2","B.JACS_129_2007_2224_dntt","-1642.0109","-1641.7726","-1642.0083","-1641.7749","-0.1907745","-0.3268836","-0.1859972","-0.3231297","-0.0670714","-0.2008595","-0.0698733","-0.2046556","0.0047825086","0.23827352","0.23596935","6","6","0","408","2","38","60","37","17"
"79","c1c(sc2cc3cc(sc3cc12)-c1ccccc1)-c1ccccc1","342.47","C22H14S2","B.JACS_126_2004_5084_19b","-1643.1991","-1642.9572","-1643.1942","-1642.962","-0.1937266","-0.3315692","-0.1848826","-0.3212033","-0.0595697","-0.194121","-0.0674087","-0.2003837","0.009794467","0.24189676","0.23699538","5","3","2","435","2","39","26","30","62"
"80","C(=Cc1ccccc1)c1cc2sc(C=Cc3ccccc3)cc2s1","344.49","C22H16S2","B.CR_115_2015_3036_139","-1644.3602","-1644.133","-1644.3555","-1644.1376","-0.182759","-0.3134184","-0.1741612","-0.3047786","-0.0745172","-0.2023131","-0.0804782","-0.2080755","0.009256534","0.22717306","0.22261862","4","2","4","435","2","40","37","66","19"
"81","c1c(sc2c1sc1cc(sc21)-c1ccccc1)-c1ccccc1","348.50","C20H12S3","B.AFM_16_2006_426_11d","-1963.9414","-1963.7026","-1963.9357","-1963.7084","-0.1908241","-0.3330899","-0.180415","-0.3207267","-0.0603991","-0.1975338","-0.0704456","-0.2057381","0.011476129","0.23879476","0.23301682","5","3","2","414","3","39","26","31","60"
"82","c1c(sc2sc3sc(cc3c12)-c1ccccc1)-c1ccccc1","348.50","C20H12S3","B.CR_115_2015_3036_650","-1963.934","-1963.681","-1963.9298","-1963.6853","-0.2040089","-0.338618","-0.1963789","-0.3340704","-0.0421944","-0.1728076","-0.0490195","-0.1796134","0.0082855355","0.25283235","0.24860984","5","3","2","416","3","39","25","36","54"
"83","c1sc2sc3scc(-c4ccccc4)c3c2c1-c1ccccc1","348.50","C20H12S3","B.CR_115_2015_3036_654","-1963.9203","-1963.6644","-1963.9166","-1963.6685","-0.2045542","-0.3489366","-0.1971409","-0.3414588","-0.0255631","-0.1678983","-0.0289302","-0.1703694","0.0077816993","0.2559362","0.25189197","5","3","2","413","3","36","47","37","25"
"84","c1cc2c(ccc3sc4sc5ccc6sccc6c5c4c23)s1","352.50","C18H8S4","B.CR_115_2015_3036_454","-2283.5115","-2283.263","-2283.5078","-2283.2668","-0.1980064","-0.3401824","-0.1904968","-0.333134","-0.043384","-0.1869892","-0.046522","-0.1907173","0.007737594","0.24856001","0.24467085","6","6","0","366","4","37","48","44","18"
"85","c1ccc(cc1)-c1c2ccccc2c2c(-c3ccccc3)c3ccccc3c12","354.45","C28H18","B.ACIE_49_2010_7728_1b","-1077.8545","-1077.6093","-1077.8484","-1077.615","-0.1951707","-0.333458","-0.1837326","-0.3329715","-0.0863111","-0.2250547","-0.0931062","-0.231506","0.011745179","0.2451817","0.23943411","6","4","2","473","0","42","51","57","18"
"86","c1ccc2cc3cc(ccc3cc2c1)-c1ccc2cc3ccccc3cc2c1","354.45","C28H18","B.ACIE_42_2003_1159_1b","-1077.8989","-1077.6682","-1077.897","-1077.67","-0.1876125","-0.3111585","-0.1838717","-0.308291","-0.0689622","-0.1913462","-0.07175","-0.1950128","0.0037903255","0.2307036","0.228857","6","6","1","493","0","43","66","36","25"
"87","c1csc(c1)-c1cc2sc3cc(sc3c2s1)-c1cccs1","360.54","C16H8S5","B.CR_115_2015_3036_541a","-2605.4458","-2605.212","-2605.4404","-2605.2185","-0.1864519","-0.325488","-0.1749844","-0.3135472","-0.0683517","-0.2023362","-0.0751363","-0.2085422","0.01204315","0.23395509","0.22732821","5","3","2","373","5","38","19","36","60"
"88","c1cc2sc3c(sc4c5sc6ccsc6c5sc34)c2s1","364.55","C14H4S6","ttttttf","-2925.0078","-2924.7666","-2925.0024","-2924.772","-0.1914118","-0.3396289","-0.1810432","-0.329009","-0.0616514","-0.2032616","-0.0664265","-0.2078142","0.010686747","0.24114507","0.23580545","6","6","0","326","6","37","57","36","18"
"89","c1cc2c(-c3ccccc3)c3c4sccc4c(-c4ccccc4)c3c2s1","366.50","C24H14S2","B.CAEJ_21_2015_2019_bDTP","-1719.3363","-1719.1111","-1719.3285","-1719.1185","-0.1748988","-0.3354431","-0.1602022","-0.3227092","-0.0958346","-0.2351129","-0.1030837","-0.2402463","0.01521474","0.22515817","0.21776666","6","4","2","383","2","42","50","57","19"
"90","c1ccc(cc1)-c1sc2ccc3c(sc4ccc1c2c34)-c1ccccc1","366.50","C24H14S2","B.CL_2002_958_13d","-1719.4027","-1719.1823","-1719.3999","-1719.1852","-0.1734358","-0.3157133","-0.1681343","-0.3092321","-0.0781092","-0.217179","-0.0828058","-0.22072","0.0058833263","0.22049835","0.21751498","6","4","2","453","2","41","26","36","62"
"91","C1c2ccccc2-c2c1sc1c2sc2c-3c(Cc4ccccc-34)sc12","372.52","C22H12S3","B.CR_115_2015_3036_565","-2040.1549","-2039.9161","-2040.1505","-2039.9204","-0.1907204","-0.335973","-0.1819687","-0.3300292","-0.04243","-0.1880416","-0.0464564","-0.194225","0.0087154","0.23882034","0.23453875","7","7","0","427","3","42","61","45","20"
"92","c1c(sc2c1sc1c3ccccc3sc21)-c1ccc2ccccc2c1","372.52","C22H12S3","B.CR_115_2015_3036_563c","-2040.1787","-2039.9379","-2040.174","-2039.9427","-0.1947292","-0.329568","-0.1855398","-0.3216422","-0.0629924","-0.1946508","-0.0700416","-0.2026526","0.009612273","0.24086033","0.23601314","6","6","1","432","3","42","65","36","24"
"93","c1ccc2c(c1)ccc1c2ccc2c1ccc1c3ccc4ccccc4c3ccc21","378.47","C30H18","B.CP_384_2011_19_7phenacene","-1154.1432","-1153.8995","-1154.1403","-1153.9022","-0.1988738","-0.3232506","-0.1933056","-0.3184522","-0.0514409","-0.1773323","-0.0569636","-0.1834847","0.0055897254","0.24362421","0.24088258","7","7","0","509","0","45","45","71","20"
"94","c1c(sc2c1sc1ccccc21)-c1cc2sc3ccccc3c2s1","378.54","C20H10S4","B.CR_115_2015_3036_208","-2360.9395","-2360.699","-2360.9348","-2360.7046","-0.194278","-0.3307555","-0.184155","-0.3214406","-0.0692021","-0.2027923","-0.0756351","-0.2096683","0.010333181","0.24053845","0.23478912","6","6","1","413","4","41","35","25","64"
"95","c1c(sc2ccccc12)-c1cc2sc3c4ccccc4sc3c2s1","378.54","C20H10S4","B.CR_115_2015_3036_210","-2360.9382","-2360.6973","-2360.9336","-2360.7024","-0.1946067","-0.3312544","-0.18525","-0.322323","-0.0693308","-0.2025686","-0.0752245","-0.2085867","0.009703541","0.24076673","0.23568843","6","6","1","413","4","41","65","36","23"
"96","c1cc2cc3sc(cc3cc2s1)-c1cc2cc3sccc3cc2s1","378.54","C20H10S4","B.AM_9_1997_36_10a","-2360.9438","-2360.7039","-2360.9397","-2360.708","-0.1949823","-0.32299","-0.1866671","-0.3159038","-0.0694296","-0.1980873","-0.0743216","-0.2036297","0.008447325","0.24015635","0.23597552","6","6","1","413","4","41","35","24","66"
"97","c1ccc(cc1)-c1ccc(cc1)-c1ccc(cc1)-c1ccc(cc1)-c1ccccc1","382.51","C30H22","B.APL_71_1997_3853_22b","-1156.5143","-1156.2686","-1156.5089","-1156.2737","-0.2035664","-0.3209408","-0.1931052","-0.311472","-0.0481847","-0.1665066","-0.0592284","-0.1781706","0.01057403","0.24572821","0.24051744","5","0","4","566","0","47","30","36","75"
"98","c1cc2cc3cc4cc5cc6cc7sccc7cc6cc5cc4cc3cc2s1","390.52","C26H14S2","B.AM_23_2011_4347_21","-1795.6234","-1795.418","-1795.622","-1795.4194","-0.1623074","-0.2882683","-0.1594031","-0.2862828","-0.0946626","-0.2210428","-0.0961556","-0.2233508","0.0028866464","0.20540176","0.20394371","7","7","0","470","2","45","74","42","20"
"99","c1ccc2cc3c(cc2c1)sc1c2cc4cc5ccccc5cc4cc2sc31","390.52","C26H14S2","B.JACS_135_2013_13900_ntat","-1795.6512","-1795.4237","-1795.6493","-1795.4255","-0.1831247","-0.3093061","-0.1794457","-0.3064947","-0.07714","-0.2036191","-0.0794884","-0.2064122","0.003783945","0.2274993","0.22565752","7","7","0","470","2","45","43","73","20"
"100","c1cc2c(s1)sc1sc(cc21)-c1cc2c(s1)sc1sccc21","390.58","C16H6S6","B.CR_115_2015_3036_664","-3002.4136","-3002.167","-3002.4077","-3002.1748","-0.1980052","-0.3378064","-0.1839792","-0.3280944","-0.0506045","-0.1938892","-0.0582663","-0.204482","0.013686763","0.24652417","0.23875801","6","6","1","373","6","40","36","25","60"
"101","c1cc2sc3cc(sc3c2s1)-c1cc2sc3ccsc3c2s1","390.58","C16H6S6","B.JACS_120_1998_2206_11a","-3002.4275","-3002.1917","-3002.422","-3002.1987","-0.1888464","-0.3264925","-0.1767702","-0.3147906","-0.0683798","-0.2017258","-0.0748981","-0.2084417","0.012369378","0.23569168","0.22863433","6","6","1","371","6","41","39","63","20"
"102","c1c(sc2c1ccc1c3sc(cc3ccc21)-c1ccccc1)-c1ccccc1","392.53","C26H16S2","B.JACS_133_2011_5024_3c","-1796.85","-1796.6099","-1796.8452","-1796.6144","-0.1956363","-0.3236648","-0.1870252","-0.3135798","-0.0568802","-0.1818467","-0.0654085","-0.1885662","0.009311448","0.24009866","0.23557317","6","4","2","498","2","46","28","37","72"
"103","c1c(sc2cc3cc4cc(sc4cc3cc12)-c1ccccc1)-c1ccccc1","392.53","C26H16S2","B.JACS_133_2011_5024_1c","-1796.8422","-1796.6124","-1796.8392","-1796.6152","-0.1837878","-0.3166138","-0.1788704","-0.3098188","-0.0678759","-0.1978277","-0.0722671","-0.2003686","0.0057047815","0.22972961","0.22696555","6","4","2","497","2","46","28","36","74"
"104","c1c(sc2cc3cc4sc(cc4cc3cc12)-c1ccccc1)-c1ccccc1","392.53","C26H16S2","B.JACS_133_2011_5024_2c","-1796.842","-1796.6111","-1796.8398","-1796.6133","-0.1846166","-0.3223625","-0.180892","-0.3189663","-0.0650013","-0.1978906","-0.0682078","-0.200656","0.0042794524","0.23093715","0.22881466","6","4","2","497","2","46","28","36","74"
"105","c1c(sc2ccc3c4cc(sc4ccc3c12)-c1ccccc1)-c1ccccc1","392.53","C26H16S2","B.JACS_133_2011_5024_4c","-1796.8492","-1796.6093","-1796.8447","-1796.6132","-0.1948667","-0.3239108","-0.1872112","-0.3146029","-0.0573601","-0.1845687","-0.065672","-0.1904067","0.008530537","0.24004422","0.23605752","6","4","2","498","2","45","28","38","70"
"106","c1ccc2c(c1)sc1cc3c(cc21)sc1cc2c(cc31)sc1ccccc21","396.54","C24H12S3","B.JMC_9_1999_2095_10d","-2116.4402","-2116.1917","-2116.4382","-2116.1936","-0.2021504","-0.3279292","-0.1980808","-0.3295584","-0.0627047","-0.1835341","-0.061004","-0.1824808","0.0038854096","0.248583","0.24669592","7","7","0","451","3","44","70","43","20"
"107","c1ccc2c(c1)sc1cc3sc4cc5c(cc4c3cc21)sc1ccccc51","396.54","C24H12S3","B.JMC_9_1999_2095_1b","-2116.4402","-2116.19","-2116.4382","-2116.192","-0.203822","-0.3260888","-0.1997145","-0.327046","-0.0557912","-0.1788305","-0.0548156","-0.1786543","0.0040403265","0.25020286","0.24818477","7","7","0","451","3","44","67","46","20"
"108","c1c(sc2c1sc1c3ccccc3sc21)-c1ccc(cc1)-c1ccccc1","398.56","C24H14S3","B.CR_115_2015_3036_563b","-2117.5952","-2117.3555","-2117.5903","-2117.3613","-0.1945402","-0.3242586","-0.1846422","-0.3148272","-0.0615554","-0.1905515","-0.0704948","-0.1987947","0.010739091","0.23972532","0.23395252","6","4","2","477","3","45","36","72","28"
"109","c1cc2c(s1)c1sccc1c1cc3c4ccsc4c4sccc4c3cc21","402.56","C22H10S4","B.CM_20_2008_2484","-2437.1714","-2436.9338","-2437.169","-2436.9363","-0.191452","-0.3270032","-0.1867353","-0.3221645","-0.0623647","-0.1951184","-0.0652839","-0.1978284","0.0048460523","0.23766977","0.23523793","7","7","0","429","4","43","59","51","20"
"110","c1cc2c3ccsc3c3cc4c5sccc5c5ccsc5c4cc3c2s1","402.56","C22H10S4","B.OL_9_2007_4187","-2437.1748","-2436.9333","-2437.1726","-2436.9355","-0.1947405","-0.3303999","-0.1902677","-0.3292786","-0.0660721","-0.2030777","-0.0683828","-0.2056406","0.0045519737","0.24151394","0.23926064","7","7","0","429","4","43","58","52","20"
"111","c1ccc2c(c1)sc1c3cc4sc5c6ccccc6sc5c4cc3sc21","402.56","C22H10S4","B.ACR_47_2014_1493_bbtbdt","-2437.1816","-2436.9397","-2437.1782","-2436.943","-0.1961472","-0.3270683","-0.1897957","-0.3211312","-0.064247","-0.1930875","-0.0675357","-0.1966862","0.006561115","0.24188855","0.2386906","7","7","0","430","4","44","70","42","20"
"112","c1cc2sc(cc2s1)-c1ccc2cc(ccc2c1)-c1cc2sccc2s1","404.58","C22H12S4","B.CR_115_2015_3036_151","-2438.3394","-2438.103","-2438.3342","-2438.109","-0.1932516","-0.3171224","-0.182244","-0.3064372","-0.0655543","-0.1871341","-0.0720535","-0.1936711","0.011190814","0.23642598","0.23038511","6","6","2","457","4","45","32","31","71"
"113","c1ccc2c(c1)sc1c2sc2c3sc4c5ccccc5sc4c3sc12","408.58","C20H8S5","B.CR_115_2015_3036_743","-2757.9202","-2757.6794","-2757.9158","-2757.6838","-0.1950444","-0.3317346","-0.1864782","-0.3236675","-0.0656432","-0.1976722","-0.0705094","-0.2027141","0.008846028","0.2409047","0.23647293","7","7","0","409","5","44","42","69","20"
"114","c1csc(c1)-c1ccc(s1)-c1ccc(s1)-c1ccc(s1)-c1cccs1","412.62","C20H12S5","tttttl","-2760.2825","-2760.0593","-2760.2773","-2760.0654","-0.180229","-0.3039018","-0.1694561","-0.2929466","-0.0754814","-0.1965646","-0.0821164","-0.2024064","0.011372204","0.22322491","0.21720849","5","0","4","464","5","45","40","24","71"
"115","c1cc2sc3c4cc5sc6c7sccc7sc6c5cc4sc3c2s1","414.61","C18H6S6","B.CR_115_2015_3036_568","-3078.6697","-3078.4307","-3078.6655","-3078.4348","-0.1931312","-0.3258537","-0.1847297","-0.3176586","-0.064614","-0.1941259","-0.0682556","-0.1975768","0.008672855","0.23916474","0.23486064","7","7","0","389","6","43","68","41","21"
"116","C(=Cc1cc2c(s1)sc1sccc21)c1cc2c(s1)sc1sccc21","416.62","C18H8S6","B.CR_115_2015_3036_663b","-3079.825","-3079.5903","-3079.819","-3079.5957","-0.188755","-0.3220147","-0.1773475","-0.3129739","-0.0652627","-0.201513","-0.0697385","-0.2072845","0.011307969","0.23471968","0.22923811","6","6","2","405","6","44","43","69","21"
"117","c1cc2scc(-c3csc4c(csc34)-c3csc4ccsc34)c2s1","416.62","C18H8S6","B.CR_115_2015_3036_127","-3079.8413","-3079.5889","-3079.8384","-3079.5918","-0.2050884","-0.3352308","-0.1990748","-0.3303237","-0.0451827","-0.179514","-0.0451491","-0.1810695","0.005864426","0.25240472","0.24950069","6","6","2","416","6","42","35","35","57"
"118","c1cc2c(s1)sc1c2sc2sc3sc4c5ccsc5sc4c3c12","420.63","C16H4S7","B.CR_115_2015_3036_762","-3399.3955","-3399.1428","-3399.3916","-3399.1467","-0.2040721","-0.3346513","-0.1965676","-0.3336543","-0.0343095","-0.1701733","-0.035394","-0.1703732","0.0075960364","0.2524454","0.24867772","7","7","0","370","7","42","47","59","21"
"119","c1cc2c(s1)sc1sc3sc4sc5sc6sccc6c5c4c3c21","420.63","C16H4S7","B.CR_115_2015_3036_769","-3399.3767","-3399.1204","-3399.3733","-3399.1245","-0.2063782","-0.3375814","-0.1993243","-0.338996","-0.0341436","-0.1746084","-0.034089","-0.1726779","0.0077340044","0.25640628","0.25218436","7","7","0","374","7","42","51","54","21"
"120","c1cc2sc3c(sc4c3sc3c5sc6ccsc6c5sc43)c2s1","420.63","C16H4S7","B.CR_115_2015_3036_700","-3399.4072","-3399.1719","-3399.402","-3399.177","-0.1889368","-0.3267452","-0.1789566","-0.3166603","-0.0659143","-0.1979696","-0.0705402","-0.2024275","0.01027988","0.23543882","0.23029564","7","7","0","368","7","43","41","67","21"
"121","c1c2ccccc2c2c1sc1c3sc4c(sc5cc6ccccc6c45)c3sc21","426.58","C24H10S4","B.CR_115_2015_3036_690","-2513.311","-2513.0864","-2513.3086","-2513.0889","-0.183079","-0.3093174","-0.1784948","-0.3055468","-0.1149828","-0.2378318","-0.1171631","-0.2404644","0.0049219034","0.22476467","0.2223392","8","8","0","452","4","47","74","47","21"
"122","c1ccc2c(c1)c1sc3c(sc4c3c3ccccc3c3ccccc43)c1c1ccccc21","440.58","C30H16S2","B.NC_2_2011_437_4","-1949.3119","-1949.0726","-1949.3085","-1949.0759","-0.1955054","-0.3246741","-0.1889131","-0.3189735","-0.0595737","-0.1867927","-0.0641542","-0.1919706","0.006822488","0.23929287","0.23591635","8","8","0","530","2","51","59","71","22"
"123","c1ccc2c(c1)ccc1c3c(ccc21)sc1c3sc2ccc3c(ccc4ccccc34)c12","440.58","C30H16S2","B.NC_2_2011_437_5","-1949.3107","-1949.0715","-1949.3074","-1949.0748","-0.1957921","-0.3179087","-0.1892022","-0.3127178","-0.0609575","-0.1830827","-0.0655474","-0.1885567","0.006650086","0.23918983","0.23592256","8","8","0","531","2","51","51","80","22"
"124","c1ccc2c(c1)ccc1c3sc4c5ccc6c(ccc7ccccc67)c5sc4c3ccc21","440.58","C30H16S2","B.NC_2_2011_437_3","-1949.3135","-1949.0703","-1949.3098","-1949.0734","-0.2003093","-0.3209103","-0.19369","-0.3180263","-0.0567361","-0.178245","-0.0607367","-0.1833707","0.0066497996","0.24309888","0.24004129","8","8","0","532","2","51","49","82","22"
"125","c1ccc2cc3cc4c(cc3cc2c1)sc1c2cc3cc5ccccc5cc3cc2sc41","440.58","C30H16S2","B.NC_2_2011_437_DATT","-1949.2914","-1949.0709","-1949.2898","-1949.0724","-0.1798082","-0.2955228","-0.1767073","-0.2930284","-0.0821328","-0.1970951","-0.0841241","-0.199667","0.0031079599","0.22050191","0.21898444","8","8","0","533","2","52","85","48","22"
"126","c1c(sc2cc(sc12)-c1ccc(cc1)-c1ccccc1)-c1ccc(cc1)-c1ccccc1","444.61","C30H20S2","B.CR_115_2015_3036_129","-1951.6697","-1951.4365","-1951.6644","-1951.4427","-0.1906885","-0.3108634","-0.1802324","-0.3005108","-0.0615066","-0.182365","-0.0721722","-0.1920775","0.011426659","0.23309146","0.22693743","6","2","4","587","2","53","86","38","35"
"127","c1ccc(cc1)-c1sc2c(c(sc2c1-c1ccccc1)-c1ccccc1)-c1ccccc1","444.61","C30H20S2","B.CR_115_2015_3036_46","-1951.6625","-1951.4247","-1951.6571","-1951.4302","-0.1928973","-0.3269458","-0.1825444","-0.3179595","-0.0512564","-0.1838126","-0.059223","-0.1921496","0.010661362","0.23770076","0.23231792","6","2","4","586","2","51","37","50","65"
"128","c1c(sc2c1sc1cc(sc21)-c1ccc2ccccc2c1)-c1ccc2ccccc2c1","448.62","C28H16S3","B.CR_115_2015_3036_541f","-2271.2366","-2271.0066","-2271.232","-2271.0115","-0.1879598","-0.3099493","-0.1790431","-0.3016551","-0.067015","-0.186534","-0.0751052","-0.1949787","0.0095927585","0.2300771","0.22521459","7","7","2","539","3","52","36","40","79"
"129","c1ccc2c(c1)sc1c3cc4cc5sc6c7ccccc7sc6c5cc4cc3sc21","452.62","C26H12S4","B.JACS_135_2013_13900_bbtndt","-2590.826","-2590.5945","-2590.8237","-2590.5967","-0.1882425","-0.311969","-0.183914","-0.3075393","-0.072672","-0.1959581","-0.0749557","-0.1980592","0.0045636017","0.23150317","0.22929332","8","8","0","493","4","51","82","48","23"
"130","c1ccc(cc1)-c1c2c3ccc4ccccc4c3c(-c3ccccc3)c2c2ccc3ccccc3c12","454.57","C36H22","B.ACIE_49_2010_7728_2b","-1385.1333","-1384.9095","-1385.1287","-1384.9138","-0.1797541","-0.3138461","-0.1711432","-0.3067094","-0.0927327","-0.2195625","-0.0990321","-0.2256462","0.008906897","0.22381099","0.21953766","8","6","2","550","0","54","60","69","34"
"131","c1ccc(cc1)-c1c2cc3ccccc3cc2c2c(-c3ccccc3)c3cc4ccccc4cc3c12","454.57","C36H22","B.ACIE_49_2010_7728_3b","-1385.1555","-1384.9276","-1385.1528","-1384.9302","-0.1860543","-0.308727","-0.1811311","-0.3037214","-0.0830979","-0.2050129","-0.0873545","-0.2096715","0.005183937","0.22785513","0.2253018","8","6","2","599","0","55","76","67","23"
"132","c1cc2sc(cc2s1)-c1ccc2cc3cc(ccc3cc2c1)-c1cc2sccc2s1","454.64","C26H14S4","B.CR_115_2015_3036_152","-2591.981","-2591.7527","-2591.9768","-2591.757","-0.187327","-0.304606","-0.178982","-0.2959303","-0.0757357","-0.1945948","-0.079248","-0.1963772","0.008802482","0.22841886","0.22382145","7","7","2","519","4","52","39","34","82"
"133","C(=Cc1ccccc1)c1cc2sc3c4sc(C=Cc5ccccc5)cc4sc3c2s1","456.65","C26H16S4","B.CR_115_2015_3036_693","-2593.1602","-2592.9397","-2593.156","-2592.9438","-0.1805717","-0.2975556","-0.1726461","-0.2896597","-0.0782044","-0.1916967","-0.0834027","-0.196866","0.008528601","0.22053534","0.21636085","6","4","4","519","4","53","48","87","24"
"134","c1cc(sc1-c1cc2sc(cc2s1)-c1ccc(s1)-c1ccccc1)-c1ccccc1","456.65","C26H16S4","B.CR_115_2015_3036_111","-2593.1785","-2592.955","-2593.1736","-2592.9614","-0.1818849","-0.3022396","-0.1715396","-0.2917723","-0.0721828","-0.1901248","-0.0799254","-0.197031","0.011059927","0.22340971","0.217272","6","2","4","548","4","52","40","35","81"
"135","c1ccc(cc1)-c1ccc(cc1)-c1ccc(cc1)-c1ccc(cc1)-c1ccc(cc1)-c1ccccc1","458.60","C36H26","B.APL_71_1997_3853_22c","-1387.5784","-1387.3381","-1387.5736","-1387.3429","-0.2017063","-0.3071999","-0.1923102","-0.2989293","-0.0505333","-0.1576242","-0.0603715","-0.1684413","0.009348612","0.24012315","0.23546536","6","0","5","673","0","57","39","39","92"
"136","c1c(sc2ccccc12)-c1cc2sc3cc(sc3c2s1)-c1cc2ccccc2s1","460.66","C24H12S5","B.CR_115_2015_3036_541g","-2912.7556","-2912.5247","-2912.7512","-2912.5298","-0.1891443","-0.3111732","-0.1802137","-0.3023244","-0.0769422","-0.196312","-0.0829719","-0.2020166","0.009449387","0.23088112","0.22588313","7","7","2","500","5","51","39","34","80"
"137","c1ccc(cc1)-c1c2c3ccccc3sc2c2c(-c3ccccc3)c3c4ccccc4sc3c12","466.62","C32H18S2","B.CAEJ_21_2015_2019_1","-2026.6426","-2026.4255","-2026.6362","-2026.432","-0.173068","-0.3137005","-0.1604841","-0.304107","-0.1019301","-0.2274419","-0.1087302","-0.2316538","0.012796955","0.21699986","0.21052442","8","6","2","581","2","54","68","62","31"
"138","c1ccc2cc(ccc2c1)-c1sc2ccc3c(sc4ccc1c2c34)-c1ccc2ccccc2c1","466.62","C32H18S2","B.CL_2002_958_13f","-2026.6978","-2026.4829","-2026.6948","-2026.4861","-0.1725608","-0.2989224","-0.1672791","-0.2926971","-0.0811696","-0.2070731","-0.086383","-0.2107099","0.0060715326","0.21479952","0.21171646","8","8","2","578","2","54","37","43","83"
"139","C1c2ccccc2-c2ccc(cc12)-c1cc2sc(cc2s1)-c1ccc-2c(Cc3ccccc-23)c1","468.63","C32H20S2","B.CR_115_2015_3036_128","-2027.9033","-2027.6772","-2027.8981","-2027.683","-0.1854279","-0.3014343","-0.1749641","-0.2917591","-0.0603159","-0.1760669","-0.0698526","-0.1859586","0.011011556","0.22616412","0.22040196","8","8","2","601","2","56","37","41","91"
#"140","c1csc(c1)-c1sc(-c2cccs2)c2c(sc(-c3cccs3)c12)-c1cccs1","468.70","C22H12S6","B.CR_115_2015_3036_484","-3234.6348","-3234.4246","-3234.6313","-3234.428","-0.1658221","-0.3048051","-0.1597158","-0.2953949","-0.0883225","-0.2247767","-0.0929493","-0.2258353","0.0066808644","0.21015611","0.20665891","6","2","4","504","6","48","42","35","67"
"141","c1csc(c1)-c1sc2c(-c3cccs3)c(sc2c1-c1cccs1)-c1cccs1","468.70","C22H12S6","B.CR_115_2015_3036_145","-3234.6682","-3234.432","-3234.6606","-3234.4412","-0.1916886","-0.3204964","-0.1745785","-0.3094802","-0.0613185","-0.1900892","-0.0715878","-0.2029905","0.016625086","0.2362369","0.227082","6","2","4","503","6","49","52","66","30"
"142","c1cc(sc1-c1ccc(s1)-c1ccc(cc1)-c1ccccc1)-c1ccc(cc1)-c1ccccc1","470.65","C32H22S2","B.AFM_13_2003_767_31d","-2029.0879","-2028.8605","-2029.0828","-2028.8667","-0.1858265","-0.3031111","-0.1755202","-0.2929396","-0.0666276","-0.1857393","-0.0764435","-0.1941411","0.011353561","0.22745593","0.22122404","6","0","5","634","2","56","41","39","88"
"143","c1cc2sc3c(sc4c3sc3c5sc6c7sccc7sc6c5sc43)c2s1","476.71","C18H4S8","B.CR_115_2015_3036_726","-3873.8071","-3873.5764","-3873.8022","-3873.5813","-0.186951","-0.3159104","-0.1774232","-0.3065238","-0.0693629","-0.1933469","-0.073828","-0.1977704","0.009833095","0.23075862","0.22586937","8","8","0","410","8","49","46","79","23"
"144","C(=Cc1ccccc1)c1cc2sc(cc2s1)-c1cc2sc(C=Cc3ccccc3)cc2s1","482.69","C28H18S4","B.CR_115_2015_3036_140","-2670.5793","-2670.3628","-2670.575","-2670.367","-0.1783604","-0.2894739","-0.1703846","-0.2817353","-0.0810224","-0.1896632","-0.0862339","-0.1947415","0.008511937","0.21653926","0.21239215","6","4","5","565","4","57","94","47","29"
"145","c1csc(c1)-c1ccc(cc1)-c1ccc(s1)-c1ccc(s1)-c1ccc(cc1)-c1cccs1","482.69","C28H18S4","B.JACS_125_2003_4914_31f","-2670.5935","-2670.3696","-2670.588","-2670.376","-0.1840816","-0.2952867","-0.1731742","-0.2840715","-0.0711397","-0.1831993","-0.079767","-0.190153","0.011871283","0.22374617","0.21751916","6","0","5","592","4","55","41","38","87"
"146","c1csc(c1)-c1ccc(s1)-c1ccc(cc1)-c1ccc(cc1)-c1ccc(s1)-c1cccs1","482.69","C28H18S4","B.JACS_128_2006_5792_31f","-2670.5925","-2670.3667","-2670.5876","-2670.3723","-0.1882732","-0.2941502","-0.1778363","-0.2839701","-0.0665859","-0.1698479","-0.0749457","-0.1785929","0.010547253","0.22584717","0.22023939","6","0","5","593","4","55","46","32","89"
"147","c1cc2ccc3cc4c5sc6c(cc7ccc8cccc9ccc6c7c89)c5sc4c4ccc(c1)c2c34","488.62","C34H16S2","B.NC_2_2011_437_7","-2101.78","-2101.548","-2101.7786","-2101.5496","-0.1916235","-0.3038025","-0.1888767","-0.3011251","-0.0638054","-0.1745313","-0.0655371","-0.1759596","0.0028098235","0.23186104","0.23046345","10","10","0","569","2","57","57","89","24"
"148","c1cc2ccc3cc4sc5c(sc6cc7ccc8cccc9ccc(c56)c7c89)c4c4ccc(c1)c2c34","488.62","C34H16S2","B.NC_2_2011_437_8","-2101.78","-2101.5588","-2101.7773","-2101.5613","-0.1809324","-0.2947317","-0.175961","-0.2899587","-0.0783913","-0.1903014","-0.0822274","-0.1943128","0.0051630572","0.22110139","0.2185285","10","10","0","568","2","56","58","88","24"
"149","c1cc2ccc3cccc4c5c6sc7c(c6sc5c(c1)c2c34)c1cccc2ccc3cccc7c3c12","488.62","C34H16S2","B.NC_2_2011_437_6","-2101.7822","-2101.5508","-2101.78","-2101.553","-0.1900944","-0.3094512","-0.1856361","-0.3060637","-0.0688825","-0.1865678","-0.0718588","-0.1905642","0.0045170984","0.23146443","0.2292444","10","10","0","567","2","56","63","81","24"
"150","c1c(sc2c1sc1c3ccccc3sc21)-c1cc2sc3c4ccccc4sc3c2s1","490.70","C24H10S6","B.CR_115_2015_3036_211","-3309.7397","-3309.509","-3309.735","-3309.5142","-0.1893182","-0.3110434","-0.1796269","-0.3020873","-0.0749556","-0.1942644","-0.0807916","-0.2004147","0.009923142","0.23074034","0.22547822","8","8","1","497","6","54","86","44","31"
"151","c1ccc(cc1)-c1ccc2cc3c(cc2c1)sc1c2cc4ccc(cc4cc2sc31)-c1ccccc1","492.65","C34H20S2","B.EC_83_2015_526","-2104.139","-2103.909","-2104.1362","-2103.9114","-0.1888263","-0.3047811","-0.183953","-0.2995968","-0.0708518","-0.1877653","-0.0743177","-0.1907689","0.0053286846","0.22996604","0.22737318","8","6","2","623","2","59","33","48","96"
"152","c1ccc(cc1)-c1ccc2cc3sc4c5cc6cc(ccc6cc5sc4c3cc2c1)-c1ccccc1","492.65","C34H20S2","B.CR_115_2015_3036_218","-2104.1387","-2103.9055","-2104.1365","-2103.9075","-0.1906779","-0.3107394","-0.18658","-0.3086722","-0.0684842","-0.1898208","-0.070607","-0.1932146","0.003963474","0.23317789","0.23127933","8","6","2","623","2","59","33","51","92"
"153","c1csc(c1)-c1ccc(s1)-c1ccc(s1)-c1ccc(s1)-c1ccc(s1)-c1cccs1","494.74","C24H14S6","ttttttl","-3312.1018","-3311.886","-3312.097","-3311.8906","-0.1767493","-0.2880153","-0.1677554","-0.2792032","-0.0804461","-0.1897294","-0.0856225","-0.194554","0.009465495","0.21567988","0.21111715","6","0","5","550","6","55","90","46","29"
"154","c1c(sc2c1sc1cc(sc21)-c1ccc(cc1)-c1ccccc1)-c1ccc(cc1)-c1ccccc1","500.69","C32H20S3","B.AFM_16_2006_426_11e","-2426.0698","-2425.841","-2426.065","-2425.847","-0.1877823","-0.304191","-0.1781642","-0.2941313","-0.0655211","-0.1818664","-0.0748342","-0.1898866","0.010766511","0.2287754","0.22299686","7","3","4","629","3","59","41","43","94"
"155","c1c(sc2c1sc1cc(sc21)-c1ccccc1-c1ccccc1)-c1ccccc1-c1ccccc1","500.69","C32H20S3","B.CR_115_2015_3036_549","-2426.056","-2425.8235","-2426.0505","-2425.8293","-0.1881568","-0.3172637","-0.1777429","-0.3078637","-0.0553183","-0.1837019","-0.0638259","-0.1914166","0.011209831","0.23248786","0.22670826","7","3","4","627","3","55","45","48","73"
"156","c1csc(c1)-c1sc2c(sc3c(c(sc23)-c2cccs2)-c2ccccc2)c1-c1ccccc1","512.74","C28H16S5","B.CR_115_2015_3036_548","-3067.5657","-3067.335","-3067.5579","-3067.3445","-0.1878474","-0.315379","-0.1702647","-0.3002594","-0.0618599","-0.1865615","-0.0699223","-0.1951202","0.01766451","0.23084222","0.2211607","7","3","4","588","5","56","58","76","34"
"157","c1ccc2c(c1)sc1c2sc2c3cc4sc5c(sc6c7ccccc7sc56)c4cc3sc12","514.73","C26H10S6","B.CR_115_2015_3036_528d","-3385.9817","-3385.7463","-3385.9778","-3385.75","-0.1944372","-0.3131313","-0.1870552","-0.3060877","-0.0710853","-0.1872862","-0.0749289","-0.1910384","0.0075500114","0.23531729","0.23161003","9","9","0","514","6","57","92","53","25"
"158","c1ccc(cc1)-c1ccc(cc1)-c1sc2ccc3c(sc4ccc1c2c34)-c1ccc(cc1)-c1ccccc1","518.69","C36H22S2","B.CL_2002_958_13e","-2181.5317","-2181.3176","-2181.5283","-2181.3208","-0.1723785","-0.2951149","-0.1668281","-0.2877634","-0.0811618","-0.2050604","-0.0861854","-0.2076425","0.0066442057","0.2139204","0.21070065","8","4","4","667","2","62","41","46","97"
"159","C(=Cc1ccc(C=Cc2cc3c(s2)sc2sccc32)cc1)c1cc2c(s1)sc1sccc21","518.76","C26H14S6","B.CR_115_2015_3036_652","-3388.2974","-3388.074","-3388.2925","-3388.0786","-0.1844079","-0.2954532","-0.1750292","-0.2874203","-0.0739512","-0.1864723","-0.0784233","-0.191627","0.009452793","0.22340856","0.21885495","7","6","4","542","6","58","57","90","27"
"160","c1cc2c3ccsc3c3c(sc4c5sc6c7sccc7c7ccsc7c6c5sc34)c2s1","520.75","C24H8S7","B.ChemCom_46_2010_2841_1","-3706.738","-3706.504","-3706.7344","-3706.5076","-0.1917804","-0.3139787","-0.1845665","-0.30749","-0.064111","-0.1848752","-0.0681233","-0.1892911","0.0073082945","0.23408876","0.23044705","9","9","0","494","7","55","61","79","25"
"161","C1c2ccccc2-c2ccc(cc12)-c1cc2sc3cc(sc3c2s1)-c1ccc-2c(Cc3ccccc-23)c1","524.71","C34H20S3","B.CR_115_2015_3036_541d","-2502.3035","-2502.0808","-2502.2988","-2502.0862","-0.1834129","-0.2953898","-0.1739564","-0.2863774","-0.0638873","-0.1755098","-0.0720936","-0.1836554","0.010115684","0.22277169","0.21740387","9","9","2","643","3","62","46","43","98"
"162","c1csc(c1)-c1ccc(s1)-c1cc2sc3cc(sc3c2s1)-c1ccc(s1)-c1cccs1","524.78","C24H12S7","B.CR_115_2015_3036_553","-3709.083","-3708.865","-3709.0784","-3708.8708","-0.1793911","-0.29039","-0.1693786","-0.2802143","-0.079","-0.1873895","-0.0850631","-0.1926737","0.010643211","0.21811385","0.21216859","7","3","4","548","7","58","47","33","93"
"163","c1ccc2cc3cc(ccc3cc2c1)-c1ccc2cc3cc(ccc3cc2c1)-c1ccc2cc3ccccc3cc2c1","530.67","C42H26","B.ACIE_42_2003_1159_1d","-1616.2517","-1616.0317","-1616.2501","-1616.0332","-0.1851381","-0.2823043","-0.1820243","-0.279816","-0.0734289","-0.1717772","-0.0756206","-0.1747012","0.00304426","0.2199788","0.2185012","9","9","2","726","0","66","46","47","105"
"164","c1ccc(cc1)-c1c2ccccc2c(-c2ccccc2)c2c(-c3ccccc3)c3ccccc3c(-c3ccccc3)c12","532.69","C42H28","B.Sci_303_2004_1644_5a","-1617.3756","-1617.1599","-1617.3728","-1617.1626","-0.1724347","-0.3078191","-0.1674664","-0.302014","-0.0765826","-0.2107605","-0.079904","-0.2137225","0.0054175854","0.2156661","0.21300359","8","4","4","745","0","61","44","59","80"
"165","c1cc2sc(cc2s1)-c1cc2sc(cc2s1)-c1cc2sc(cc2s1)-c1cc2sccc2s1","554.82","C24H10S8","B.CR_115_2015_3036_134","-4106.065","-4105.8457","-4106.06","-4105.8516","-0.1814777","-0.2911852","-0.1709342","-0.2809622","-0.0794321","-0.1869542","-0.0858997","-0.1930719","0.011074221","0.21956742","0.21340227","8","8","3","546","8","61","45","38","99"
"166","c1csc(c1)-c1ccc(s1)-c1ccc(s1)-c1ccc(s1)-c1ccc(s1)-c1ccc(s1)-c1cccs1","576.86","C28H16S7","B.JACS_127_2005_2339_t7","-3863.9197","-3863.7078","-3863.9148","-3863.7126","-0.1758033","-0.2778312","-0.1666887","-0.2686696","-0.0822081","-0.1832659","-0.0879604","-0.1880659","0.009756553","0.21184605","0.20693718","7","0","6","640","7","65","39","50","104"
"167","c1ccc(cc1)-c1c2c3sc4ccccc4c3sc2c2c(-c3ccccc3)c3c4sc5ccccc5c4sc3c12","578.78","C36H18S4","B.CAEJ_21_2015_2019_2","-2975.4497","-2975.236","-2975.4438","-2975.2417","-0.1735035","-0.2985213","-0.1625654","-0.2887285","-0.1052722","-0.22236","-0.1121654","-0.2275623","0.011327892","0.21361065","0.2081518","10","8","2","615","4","68","77","99","28"
"168","c1ccc(cc1)-c1ccc2c(c1)sc1c3cc4cc5sc6c7cc(ccc7sc6c5cc4cc3sc21)-c1ccccc1","604.82","C38H20S4","B.CM_27_5049_dphbbtndt","-3052.9534","-3052.726","-3052.951","-3052.7285","-0.1876354","-0.2985187","-0.1831595","-0.2955227","-0.0740824","-0.1882409","-0.0766337","-0.1899521","0.004903926","0.22737303","0.22501066","10","8","2","708","4","71","38","63","113"
"169","c1c(sc2c1sc1cc(sc21)-c1c(cccc1-c1ccccc1)-c1ccccc1)-c1c(cccc1-c1ccccc1)-c1ccccc1","652.89","C44H28S3","B.CR_115_2015_3036_550","-2888.168","-2887.936","-2888.1611","-2887.9429","-0.1884417","-0.3158399","-0.176361","-0.3047683","-0.0471525","-0.1751238","-0.0559097","-0.1818523","0.01335639","0.23178266","0.22505859","9","3","6","844","3","72","66","66","85"
"170","c1csc(c1)-c1ccc(s1)-c1ccc(s1)-c1ccc(s1)-c1ccc(s1)-c1ccc(s1)-c1ccc(s1)-c1cccs1","658.98","C32H18S8","B.JACS_127_2005_2339_t8","-4415.739","-4415.53","-4415.7344","-4415.535","-0.1754781","-0.2691569","-0.1661526","-0.2602854","-0.0830964","-0.1763057","-0.0896562","-0.1824711","0.0098485425","0.20888978","0.20364115","8","0","7","724","8","74","51","50","122"
"171","c1ccc(cc1)-c1c2c3sc4c5ccccc5sc4c3sc2c2c(-c3ccccc3)c3c4sc5c6ccccc6sc5c4sc3c12","690.94","C40H18S6","B.CAEJ_21_2015_2019_3","-3924.2498","-3924.0413","-3924.2449","-3924.046","-0.1715007","-0.2850045","-0.1620325","-0.2764347","-0.1078075","-0.2171761","-0.1139823","-0.2224343","0.009787659","0.20863609","0.20380849","12","10","2","751","6","79","84","41","113"
